mean_value,std_dev,skewness,kurt,dominant_frequency,mean_psd,hp,target,defect_type
0.015263311719893546,0.13742061759945678,-0.02480805141038254,-0.035493941295261955,3365.0,3.1724573627049705e-06,0,ball,0.007
0.014904221793080505,0.1362675961242987,-0.02041299209174542,-0.06008432759360005,3263.0,2.9561114044403744e-06,0,ball,0.007
0.01396657854291417,0.13961381729079775,0.011748912633649553,-0.026775184006130548,3446.0,3.3456040881348894e-06,0,ball,0.007
0.013386590375914838,0.1380758582486351,-0.01438911490986038,-0.12130342223990809,3263.0,3.1819453118063547e-06,0,ball,0.007
0.012345015715236196,0.1377131545786874,-0.027351009338125447,0.02419949813117439,3446.0,3.236404735380284e-06,0,ball,0.007
0.012019252062541582,0.1352659384080108,-0.014574046171371953,-0.07732019084093178,3231.0,3.0146572479306933e-06,0,ball,0.007
0.01159681243512974,0.13716089249240845,0.01888332411452223,-0.020297302564005193,3447.0,3.163858927640711e-06,0,ball,0.007
0.011133899387890885,0.13993355240802102,0.0073697057023103,-0.09486747851186417,3446.0,3.297558231761426e-06,0,ball,0.007
0.01126606743845642,0.14282342764816344,-0.007531658032213338,0.06357494536080921,3364.0,3.4213899313214735e-06,0,ball,0.007
0.010784420206254159,0.14080163536410423,-0.015332986616775932,0.038388706620237745,3446.0,3.23833154423611e-06,0,ball,0.007
0.009826725141704145,0.14451480372360812,0.00017673189495252494,0.3997673153741652,3262.543757292882,3.915301045139579e-06,0,ball,0.007
0.004208585921490353,0.13840733418876847,0.017413049045234153,-0.016361597281586704,3478.0,3.2413280177367595e-06,1,ball,0.007
0.0036719679341317367,0.13871584110493076,0.006582515625035817,0.11545101515279343,3389.0,3.279038965282843e-06,1,ball,0.007
0.003378989105123087,0.13514125529436338,0.036272901443006884,-0.05445965768210215,3478.0,3.013889066150163e-06,1,ball,0.007
0.0037303633632734534,0.1391398586080767,0.026070695192804503,-0.018241855403680507,3478.0,3.2135702133979753e-06,1,ball,0.007
0.003978469487691284,0.1402446319204269,0.013067271748240723,-0.010169190573762865,3478.0,3.258830279477083e-06,1,ball,0.007
0.003985021037924151,0.13953118522273159,0.0033986741500915793,-0.04644684774806729,3478.0,3.209687128643714e-06,1,ball,0.007
0.003859607581503659,0.13953437774132968,0.0047013395755198025,-0.08140396357148072,3319.0,3.220975572701818e-06,1,ball,0.007
0.003927586683300066,0.14003591174181182,-0.016572118919468484,-0.003378381557032295,3478.0,3.2283946303213292e-06,1,ball,0.007
0.004070854467731204,0.1379766377975671,-0.009367052611898716,-0.1380750344946131,3478.0,3.2260951593805162e-06,1,ball,0.007
0.004094001473719228,0.14135601025710562,-0.0014881235211838912,-0.1357542141731809,3478.0,3.2882193950559646e-06,1,ball,0.007
0.004001664302600473,0.1387004682636809,-0.020865858120771685,0.08495427737185413,3421.276595744681,3.1510482730957593e-06,1,ball,0.007
0.015135732461743179,0.28890600468357347,0.12677454636248592,2.632106309795958,3587.0,1.389476747477372e-05,0,inner,0.007
0.014233161663339986,0.2891423143296357,0.13552782483453393,2.129411829842863,3587.0,1.4019330177177072e-05,0,inner,0.007
0.014650592874251498,0.29361131306374133,0.135484561072291,2.170902739099672,3587.0,1.4514667956850376e-05,0,inner,0.007
0.014365451540252825,0.29133163196676204,0.1643582555054451,2.5873811982633415,3587.0,1.4105418017146467e-05,0,inner,0.007
0.013965874657351962,0.2906052952755096,0.14554820079480874,2.463266247620683,3587.0,1.40694451817826e-05,0,inner,0.007
0.0128158474750499,0.29046544163492594,0.1582505438358026,2.2655722768081317,3587.0,1.4085542097448117e-05,0,inner,0.007
0.012396101563539588,0.293565749521341,0.19596200689475854,2.0515817315096214,3587.0,1.4294534580599704e-05,0,inner,0.007
0.012412182641383898,0.2913623994487084,0.20431328801575296,2.5711165335135684,3587.0,1.4160159856218035e-05,0,inner,0.007
0.012411776553559547,0.2892664046698352,0.19411759359024844,2.5553782888359233,3587.0,1.4021618757246949e-05,0,inner,0.007
0.01215935236194278,0.29247005967760265,0.1762499913374447,2.5429892453835823,3587.0,1.4253773082825521e-05,0,inner,0.007
0.01239553389663361,0.3038983252166305,0.1866089863256054,2.400626364859141,3604.7430830039525,1.516309659167747e-05,0,inner,0.007
0.005782446966067864,0.2930795974172861,0.15999804782673316,2.385723617891519,3539.0,1.4357456898182217e-05,1,inner,0.007
0.005906060099800399,0.2886328890857477,0.12923684694025522,2.513064334505766,3539.0,1.3983133231911307e-05,1,inner,0.007
0.006183039068529607,0.2937229731126522,0.1346794115635504,2.5151309700066244,2842.0,1.4331524341537471e-05,1,inner,0.007
0.0059881845941450445,0.2904560904535043,0.14118297238927602,2.8047059076805603,3539.0,1.4155861416648952e-05,1,inner,0.007
0.006321217218895543,0.2935337247451541,0.12142677612011309,2.6803291099468343,3539.0,1.4368343007710645e-05,1,inner,0.007
0.006093577920825016,0.29551341713223134,0.1147496259313718,2.599804865150138,3539.0,1.4610321366329417e-05,1,inner,0.007
0.005678908107119096,0.29262258176573147,0.14495622901308627,2.4469613345613883,3539.0,1.4293055362170765e-05,1,inner,0.007
0.005598056021290752,0.29119722465750847,0.11559002451477471,2.30249639480854,3539.0,1.4248114005896616e-05,1,inner,0.007
0.0051980595143047235,0.29445823269943894,0.12605120323584698,2.5581930360291647,3539.0,1.4300835058259005e-05,1,inner,0.007
0.0052729015003326685,0.29476681518625064,0.11944655513833446,2.5829025919564534,3539.0,1.4543603852353114e-05,1,inner,0.007
0.005725206041959276,0.29459393390956395,0.1163602186845242,2.6585699856223446,3537.920642893019,1.4393427694268364e-05,1,inner,0.007
0.033720889961743175,0.6755668051287351,0.08273904135319339,4.620690955942053,3445.0,7.70252680771524e-05,0,outer,0.007
0.030434184314703926,0.6459745079041898,0.04347302589176898,4.446700449745029,3444.0,6.902741148047266e-05,0,outer,0.007
0.026999425815036594,0.6741144159388904,0.04751377618799541,4.66385731185161,3337.0,7.566858811206955e-05,0,outer,0.007
0.024659310886560214,0.6936830623616004,0.047346508026075526,4.617467166215187,3445.0,8.087749520104687e-05,0,outer,0.007
0.023712584805389222,0.6647010263236086,0.06803580215155194,4.46058087476287,3337.0,7.295340996820014e-05,0,outer,0.007
0.021813007485029942,0.6542140589615864,0.04583443258074651,4.587000727783686,3444.0,7.077670958561946e-05,0,outer,0.007
0.019526394627411844,0.6766318995885022,0.07557544178263889,4.828350183041909,3445.0,7.709705160398431e-05,0,outer,0.007
0.0179750376164338,0.6893690011473828,0.03891744254400292,4.571734543956412,3445.0,7.879650335829075e-05,0,outer,0.007
0.017032304732202262,0.650975701899598,0.04346679164238537,4.699653979301323,3445.0,6.978144818636053e-05,0,outer,0.007
0.01712939356287425,0.6613353067363049,0.07156015141721861,4.870871079289511,3349.0,7.255837660725204e-05,0,outer,0.007
0.015409921342648706,0.684171559225979,0.07985679656246121,4.420260198835411,3447.5138121546966,7.53884532057664e-05,0,outer,0.007
0.033720889961743175,0.6755668051287351,0.08273904135319339,4.620690955942053,3445.0,7.70252680771524e-05,1,outer,0.007
0.030434184314703926,0.6459745079041898,0.04347302589176898,4.446700449745029,3444.0,6.902741148047266e-05,1,outer,0.007
0.026999425815036594,0.6741144159388904,0.04751377618799541,4.66385731185161,3337.0,7.566858811206955e-05,1,outer,0.007
0.024659310886560214,0.6936830623616004,0.047346508026075526,4.617467166215187,3445.0,8.087749520104687e-05,1,outer,0.007
0.023712584805389222,0.6647010263236086,0.06803580215155194,4.46058087476287,3337.0,7.295340996820014e-05,1,outer,0.007
0.021813007485029942,0.6542140589615864,0.04583443258074651,4.587000727783686,3444.0,7.077670958561946e-05,1,outer,0.007
0.019526394627411844,0.6766318995885022,0.07557544178263889,4.828350183041909,3445.0,7.709705160398431e-05,1,outer,0.007
0.0179750376164338,0.6893690011473828,0.03891744254400292,4.571734543956412,3445.0,7.879650335829075e-05,1,outer,0.007
0.017032304732202262,0.650975701899598,0.04346679164238537,4.699653979301323,3445.0,6.978144818636053e-05,1,outer,0.007
0.01712939356287425,0.6613353067363049,0.07156015141721861,4.870871079289511,3349.0,7.255837660725204e-05,1,outer,0.007
0.015409921342648706,0.684171559225979,0.07985679656246121,4.420260198835411,3447.5138121546966,7.53884532057664e-05,1,outer,0.007
0.005013208336660013,0.17690346946003238,0.08310937924956269,7.439920790752369,1437.0,5.655156892776377e-06,0,ball,0.014
0.005086507188955423,0.2000474833370468,0.13186961359257549,11.943748963198415,1437.0,6.8510659251789445e-06,0,ball,0.014
0.004901615402528276,0.15406247002584433,0.029913530823416464,6.326525544274826,1437.0,3.709289256222755e-06,0,ball,0.014
0.005058229940119761,0.1294716652445316,0.2754196044164585,21.76925537046115,1437.0,2.3367593454858577e-06,0,ball,0.014
0.004830292844311377,0.11463200796458169,0.7659450546575466,46.5199186424331,1437.0,1.475450407631931e-06,0,ball,0.014
0.004379088662674651,0.09758532518439185,0.03157255953313183,8.216062243982332,1437.0,1.5844946863161638e-06,0,ball,0.014
0.00404058738855622,0.09279378121102781,0.02071045524959147,2.01370425234788,1437.0,1.4128933333766784e-06,0,ball,0.014
0.004409342205588822,0.16474912139293035,0.3994335667773064,18.445335492073177,1437.0,5.5481882943092735e-06,0,ball,0.014
0.0044731250665335995,0.1832544379673579,0.2401415382563196,6.895322275195516,1437.0,6.35171074349423e-06,0,ball,0.014
0.004708317598137059,0.17659383829368405,0.2554681321330189,12.032307186400896,1437.0,6.177261890837779e-06,0,ball,0.014
0.004545895814005791,0.10140792161731663,-0.07995328892180427,0.5153655478313941,1436.6197183098593,1.5704650673273628e-06,0,ball,0.014
0.004554857009314704,0.14710665536295764,0.0641470237988102,4.84075902431144,360.0,3.556566429600898e-06,1,ball,0.014
0.004485659644045243,0.16353172132188787,-0.07886379892509345,5.998860768011994,360.0,3.943654953981797e-06,1,ball,0.014
0.004496624015302727,0.14921106287943697,0.053566099508583626,7.033441484531112,360.0,3.7714323053366687e-06,1,ball,0.014
0.004473504081836328,0.12249757396882387,0.041009044325987065,2.65525856752289,360.0,2.4810076515362218e-06,1,ball,0.014
0.004671295924817032,0.1536646844078782,0.07596553540101947,5.405186675408716,360.0,4.40319260844611e-06,1,ball,0.014
0.004346046650033267,0.1413938836233736,0.04578244088625843,7.455468043351022,360.0,3.947781963111756e-06,1,ball,0.014
0.004480583546240852,0.14319345142623238,0.003354557837976896,5.024722201061239,360.0,3.702386203974458e-06,1,ball,0.014
0.004462634464404524,0.11966731178247249,0.007174758640003014,5.334791913439757,360.0,2.1664199697867437e-06,1,ball,0.014
0.004875896506986028,0.1321229960762385,-0.019495680683696854,5.152383698259934,360.0,2.563985958952831e-06,1,ball,0.014
0.004440732794411178,0.1322755724213935,-0.019783373525310993,4.6979963274060115,360.0,3.003244145927302e-06,1,ball,0.014
0.004307192562440662,0.12439679255332681,-0.015619898528306612,1.945255454073906,359.55056179775283,2.328694751639805e-06,1,ball,0.014
0.04899418467398537,0.20116853772240645,-0.05671938762252975,18.0500305200603,0.0,6.823520524162409e-06,0,inner,0.014
0.04500611797737857,0.1878794458533429,-0.07045693878755728,20.564606328857796,0.0,5.7737546841958705e-06,0,inner,0.014
0.04139483310046574,0.1885659481009964,-0.14163787030486774,18.94698639122514,0.0,5.93542819651142e-06,0,inner,0.014
0.03799155994344644,0.20282093704855858,0.03802639149987634,18.818242119559663,0.0,6.769272710932575e-06,0,inner,0.014
0.03662979856952761,0.19616407471232636,-0.0451647155016413,17.71065795677849,0.0,6.534639061851966e-06,0,inner,0.014
0.03232449606453759,0.19284462282877873,-0.19567443858777275,19.627119065001,0.0,6.027232201422348e-06,0,inner,0.014
0.02930623477378576,0.18622613300315816,0.02771365713780087,19.665540689236263,0.0,5.7497104172887774e-06,0,inner,0.014
0.026919480658682635,0.1975468377305502,-0.07893182893542873,18.903137118342034,0.0,6.569039715474834e-06,0,inner,0.014
0.025119306869594144,0.19424807371471217,-0.179214773515619,20.39769658742767,0.0,6.074572915074696e-06,0,inner,0.014
0.022642847954091817,0.19808799092416424,0.06980650565818192,17.446865471664623,0.0,6.636761310577894e-06,0,inner,0.014
0.021454988052064885,0.19442998037758655,0.07583947782131215,20.19318702178953,0.0,6.573114461952767e-06,0,inner,0.014
0.0031702870359281436,0.16249826391425148,-0.088454258195184,22.29981107836589,3372.0,4.436748784176193e-06,1,inner,0.014
0.0038895633266799734,0.16467450522626936,0.04674918752445746,21.40875433188513,3668.0,4.508373935884981e-06,1,inner,0.014
0.004166677658017299,0.16451147303545702,-0.04102336869470361,16.29999128535284,2750.0,4.505903893797119e-06,1,inner,0.014
0.00428575614437791,0.16522323298588923,-0.045276835083217,17.357255117488776,3532.0,4.5132161167626565e-06,1,inner,0.014
0.003987078549567532,0.1701449659191862,0.1131618311624098,18.02320055107171,3372.0,4.7715620321019935e-06,1,inner,0.014
0.0033615002561543576,0.16085104557164398,-0.042063548470836265,20.932595091268446,3490.0,4.509613008092651e-06,1,inner,0.014
0.003146517361942781,0.17077336355699962,-0.0014626935322217254,17.05261843565867,2590.0,5.0659532964863285e-06,1,inner,0.014
0.0029642110013306726,0.1638641573660028,0.12007208502678275,17.228675730346538,3532.0,4.498219509395975e-06,1,inner,0.014
0.0035075429740518966,0.1739808064086395,-0.022384794633315316,18.177087175144173,3668.0,4.851487165170613e-06,1,inner,0.014
0.003478507694610778,0.1555304494384786,-0.06138266421346641,21.23161376392305,3532.0,3.955252256577099e-06,1,inner,0.014
0.003729848472069945,0.17750326882122205,0.16100747477075356,25.611062726922285,3490.7908992416037,5.436909469369557e-06,1,inner,0.014
0.018756846317365267,0.1030150467059546,0.010663931880723974,0.07605680691110628,0.0,1.8171489752880164e-06,0,outer,0.014
0.008571439071856288,0.09750544061971404,0.017489695253552436,-0.08008963793056312,3416.0,1.5512797352632707e-06,0,outer,0.014
0.009370064880239521,0.10011546094924056,0.015957691645090675,0.024736568689825322,3416.0,1.6863048469313102e-06,0,outer,0.014
0.014587467724550898,0.09766451747658893,-0.03944187712468142,0.05742565930132271,3416.0,1.59235306877072e-06,0,outer,0.014
0.01625964781437126,0.09975611511988806,-0.005691287444594196,-0.08160413430816282,3417.0,1.6775363273205734e-06,0,outer,0.014
0.017707001886227546,0.09869855971286534,0.00470539937580785,-0.02224220095971141,0.0,1.6339921150519562e-06,0,outer,0.014
0.016653270119760477,0.10103186496060156,-0.002795064603979446,0.1483073040898084,3416.0,1.7445047708173096e-06,0,outer,0.014
0.015608121616766469,0.09921964857753035,-0.0061199067533140045,-0.10200169739635712,3416.0,1.6438087429142732e-06,0,outer,0.014
0.014302887035928144,0.09919922024688849,0.011294081185963176,0.3315095243564645,3417.0,1.6121873623843377e-06,0,outer,0.014
0.012433772305389222,0.09856553142999262,-0.0042042980280419615,-0.07981628460562051,3416.0,1.6359981036570527e-06,0,outer,0.014
0.011152640569348843,0.10629595762144071,-0.06520504944030472,1.204306238925902,3419.2849404117014,1.968392158871604e-06,0,outer,0.014
0.003068721377245509,0.09164877867520854,0.05474370523059549,-0.06086291507331154,3371.0,1.3734516587704682e-06,1,outer,0.014
0.0030319760778443113,0.09399946863869386,0.02176907658731406,0.06067332058087338,3371.0,1.4748930188232757e-06,1,outer,0.014
0.0030933919161676648,0.0944020117404222,0.004944920777528587,-0.10654521738275191,3371.0,1.5140149797026433e-06,1,outer,0.014
0.003257377245508982,0.0940516823729408,0.008537606226010831,-0.1624341686523385,3371.0,1.4908227088452546e-06,1,outer,0.014
0.0030294217365269467,0.09226077738124218,-0.04214830401977027,0.0883177275858733,3371.0,1.396987971239714e-06,1,outer,0.014
0.0029202211077844304,0.09616672353597726,-0.007754397253820172,-0.07264691461121808,3371.0,1.5530513411292214e-06,1,outer,0.014
0.0027623289820359284,0.0928301857506481,0.0059059416116792095,-0.05418139947797673,3371.0,1.4427165953568867e-06,1,outer,0.014
0.002906965598802395,0.09289180497987125,-0.0382350018511028,-0.08264660730415763,3371.0,1.4478828705569384e-06,1,outer,0.014
0.003355183143712575,0.09340982377643979,0.03334526177798686,-0.13055857234450086,3372.0,1.4559882311184375e-06,1,outer,0.014
0.003563177574850299,0.09340580872125964,0.05266395355622921,-0.09945706471033544,3371.0,1.4505049192101064e-06,1,outer,0.014
0.003126811040839669,0.09427993466364734,-0.011188409309915515,0.00673034395129779,3370.786516853933,1.4130020808757916e-06,1,outer,0.014
0.014136336789753828,0.11448725445930796,0.05248350455853767,0.591418841451071,3208.0,2.1735623972928753e-06,0,ball,0.021
-0.001810867435129741,0.11745239027128125,-0.0029514117060322215,0.7605888106727723,3208.0,2.3438588193562654e-06,0,ball,0.021
0.021312165834996673,0.12334799297504849,0.005124733066043301,0.5728606397156031,3208.0,2.5895184733490245e-06,0,ball,0.021
0.031218515874916832,0.12540865207432592,-0.024504887759445287,1.1568126933667102,0.0,2.732291338451601e-06,0,ball,0.021
0.03130594658349967,0.15772480106058462,0.05363764509448922,7.719998124650916,0.0,3.741139165043178e-06,0,ball,0.021
0.02890243457751164,0.14074146904861382,0.03318033250239582,8.154044444443958,0.0,2.319874558277111e-06,0,ball,0.021
0.02616524020625416,0.17124983974155436,-0.03876246790881003,8.994363465726401,3208.0,6.154995177790855e-06,0,ball,0.021
0.023333616879574186,0.14164675842140723,-0.016149824708505366,1.6671937401263746,3208.0,3.6146788654224447e-06,0,ball,0.021
0.02111511848636061,0.11817286957104808,-0.057838537040700966,0.5942213913635581,3208.0,2.308672515031851e-06,0,ball,0.021
0.018798874753825683,0.1155344550957502,0.002495171452338145,0.6908242842825021,3208.0,2.214679815931903e-06,0,ball,0.021
0.017719298540036954,0.11519750502670237,0.009553106411010948,0.7692254449315805,3429.432446007032,2.092253240444425e-06,0,ball,0.021
0.004300091044577512,0.15135324660053678,-0.10675716070123394,6.965915471510698,3385.0,3.439385148760352e-06,1,ball,0.021
0.0044545668529607455,0.11004617855646785,-0.03723069304335925,0.680555719469536,3385.0,1.9989276311758745e-06,1,ball,0.021
0.004505598556220892,0.10674793158887748,0.02128788220646509,0.3595153428942863,3385.0,1.859649666928169e-06,1,ball,0.021
0.0045574559713905515,0.12562345196622285,0.10496200475450766,6.768522176536912,3386.0,2.9454403436103644e-06,1,ball,0.021
0.004796885352628077,0.1081053713087772,-0.014088658248006312,0.3747278159651932,3387.0,1.965538809207974e-06,1,ball,0.021
0.004419697445109781,0.10920070406948172,-0.04198890840105487,0.31419789244216734,3386.0,1.9510693995806257e-06,1,ball,0.021
0.004047369055222887,0.14255388686906492,-0.003336787012427869,8.506198442949648,3386.0,2.276031916075594e-06,1,ball,0.021
0.004173513469727212,0.13562405437992023,0.009428296796822791,8.337188340208966,3386.0,3.154159157318436e-06,1,ball,0.021
0.00391407749500998,0.1415174542110959,-0.023793093578863243,6.071230639821126,3385.0,3.9755386356438e-06,1,ball,0.021
0.00393070002328676,0.14971506456126368,0.05588650628551035,6.016289300027191,3385.0,4.501332784079215e-06,1,ball,0.021
0.003594390525239937,0.11105777082833845,0.017537703773764474,0.520420776487982,3386.2433862433863,1.814106742355475e-06,1,ball,0.021
0.019769032102461746,0.5175342150975392,0.329875747774542,4.180201032654323,2885.0,4.43455224560763e-05,0,inner,0.021
0.01879750082335329,0.5048524007743835,0.34239200383812746,4.364212784170085,2884.0,4.2977813535087826e-05,0,inner,0.021
0.017353147954091815,0.5187852402882597,0.3030242053307194,4.565456374489035,2943.0,4.4703655982527e-05,0,inner,0.021
0.01573671536926148,0.5426530834002387,0.28794960046703616,5.573118259584881,2883.0,4.881029568314478e-05,0,inner,0.021
0.01349399383732535,0.5412403926364404,0.27865936823046056,4.898931898478559,3267.0,4.897857990543033e-05,0,inner,0.021
0.012782426447105788,0.5165447071705027,0.3051981135582015,4.030296984534248,2883.0,4.4267955093192246e-05,0,inner,0.021
0.01243731947771124,0.5290786684055191,0.3160431970902367,4.363452449983598,2884.0,4.623312483307337e-05,0,inner,0.021
0.011692825133067198,0.5380340687515213,0.3179789558942653,4.511261578868263,3267.0,4.872443404113258e-05,0,inner,0.021
0.010663595542248838,0.528026376414324,0.2819007669996948,4.030257173670505,2884.0,4.667906633735997e-05,0,inner,0.021
0.009672910454091818,0.5142559368789635,0.27707291070720624,3.6672815736890723,2885.0,4.35540055645339e-05,0,inner,0.021
0.008856174682470267,0.5213936337412209,0.2564299468640329,3.2208845549660827,2882.0224719101125,4.425209977750591e-05,0,inner,0.021
0.002817911094477711,0.44554634385333713,0.19925494513511363,4.190358322742784,2847.0,3.36787831260844e-05,1,inner,0.021
0.0026753404274783748,0.43658290979935555,0.2617529956829791,5.179717821462496,2847.0,3.188379671079317e-05,1,inner,0.021
0.0026288772122421817,0.4347586922134353,0.25673655258265476,3.8383831022920365,2847.0,3.12031925123894e-05,1,inner,0.021
0.0027698235279441123,0.43442349097137906,0.30134828030541655,5.263023752649612,2846.0,3.2525635805477994e-05,1,inner,0.021
0.002839163023952093,0.4376321251208621,0.2950094938898327,4.295260446359728,2847.0,3.131769613239768e-05,1,inner,0.021
0.0031011911926147706,0.4413528604613248,0.2810273331521699,4.9301418968523025,2847.0,3.2842266303496455e-05,1,inner,0.021
0.0035435223552894198,0.4428197525930169,0.25277585899951477,4.1031307623650966,2846.0,3.219201450169454e-05,1,inner,0.021
0.003500510886560212,0.44227683964715475,0.22762122850543892,4.7359588013826635,2846.0,3.266718994969333e-05,1,inner,0.021
0.0035765169910179644,0.4540728230779801,0.24124779516464714,5.267657044865377,2846.0,3.4224416651772196e-05,1,inner,0.021
0.0029397374417831005,0.4490652720645228,0.25172691278989917,4.736403056022128,2906.0,3.3089572687850126e-05,1,inner,0.021
0.0032732348926825033,0.4365902894225429,0.2603366906341275,4.780579458633529,2845.7583547557842,3.8789151664431194e-05,1,inner,0.021
0.005818460187957418,0.5968469667518752,0.0674794832311459,18.380162561880155,2795.0,5.973978326726914e-05,0,outer,0.021
0.005530273195276114,0.5780426618049552,0.14633089649632375,15.606403638437733,2795.0,5.6111177227863135e-05,0,outer,0.021
0.005511559314703926,0.569969503527416,0.0631633929183648,17.90121224853156,2795.0,5.688945012619915e-05,0,outer,0.021
0.005241713955422486,0.5769123498091352,0.03418342440416934,16.075441794139934,3518.0,5.23033531448272e-05,0,outer,0.021
0.004612683915502329,0.6120722053723118,0.24974550904480275,18.47302269062754,2843.0,5.8959887239536596e-05,0,outer,0.021
0.0035061622754491008,0.6072711048883556,0.23870314971537232,21.09967120065891,2795.0,6.189849804801092e-05,0,outer,0.021
0.004116546116101131,0.5345817072178105,-0.02867231552700726,13.968065866071026,2795.0,4.825469561001272e-05,0,outer,0.021
0.004186934672322023,0.598747561054081,0.1594802116607041,18.4519359262778,3440.0,5.8722007621564287e-05,0,outer,0.021
0.004383785745176313,0.5898320135345666,0.07690357007034594,18.259141861893777,3440.0,5.767676964162507e-05,0,outer,0.021
0.004459859530938125,0.5634740058155904,-0.048231352197764685,18.17261019510992,2795.0,5.2141408022001536e-05,0,outer,0.021
0.004444703215169006,0.5811360033312594,0.09056712882940168,20.126230297228254,3442.704039571311,7.908486600928771e-05,0,outer,0.021
0.002736930414171656,0.5168475080939535,0.17277419055705165,17.2637689510767,2757.0,4.413890095597668e-05,1,outer,0.021
0.002929280680306055,0.5332866004421987,0.17522950328640693,18.3092569969779,3423.0,4.702527548099517e-05,1,outer,0.021
0.0034129312791084505,0.5427666552182001,0.17565985418159039,15.474867696912725,3393.0,5.084013787578224e-05,1,outer,0.021
0.0037930633233532922,0.5994651344740795,0.12728949736997153,18.266761359240675,3470.0,6.117468807055624e-05,1,outer,0.021
0.003659358907185629,0.560681430756261,0.13667036000812205,21.048981604351656,3547.0,5.588230036259437e-05,1,outer,0.021
0.0033499199850299402,0.5473902002529072,0.1060170211149664,20.986263015905894,2757.0,4.7887942415526975e-05,1,outer,0.021
0.0035782428642714566,0.5196554129526524,0.06388899331535185,14.714288546359132,2757.0,4.500464814845433e-05,1,outer,0.021
0.0036778359031936136,0.6275796523990156,0.08516035848297508,17.362010753934182,3470.0,6.514040737524861e-05,1,outer,0.021
0.0035602057967398537,0.6165562171833414,0.18824452790890706,22.60415450688737,3435.0,6.435073093282451e-05,1,outer,0.021
0.0033134397621423827,0.5276162084579474,0.0279589316708627,16.465332902477336,3529.0,4.474795493614081e-05,1,outer,0.021
0.003798787407605683,0.6099041561062459,0.11294197367157803,17.586805607139308,3393.269713711703,7.310593059522168e-05,1,outer,0.021
0.011622154307692308,0.0731644452161996,-0.08584997891057213,-0.1304006139298357,1036.0,9.092551431959716e-07,0,normal,0.0
0.011941214153846151,0.07235830216147339,-0.07295458213200057,-0.26899751186204846,1036.0,8.796713811710268e-07,0,normal,0.0
0.010432977076923079,0.07244604090068475,-0.10470668506803697,-0.2704051256693858,1036.0,8.767651367686802e-07,0,normal,0.0
0.013107652307692305,0.07214179492557456,-0.008049865653415728,-0.1703184214516278,1036.0,8.669826816269224e-07,0,normal,0.0
0.013090545846153847,0.07198991272795546,0.03758335541427453,-0.12351659374270652,1036.0,8.515502755379307e-07,0,normal,0.0
0.012202644000000002,0.07152149082078334,-0.012191538825385087,-0.17402124840625577,1036.0,8.467891477775202e-07,0,normal,0.0
0.012171525538461538,0.07046874762681311,-0.043239700322298104,-0.23504244920089779,1036.0,8.350907606560685e-07,0,normal,0.0
0.01308653,0.07303995291309168,-0.01991991985362332,-0.35918701520784735,1036.0,8.714850275089888e-07,0,normal,0.0
0.01311378907692308,0.07004438875929701,-0.026694782789984033,-0.31548709763591365,1036.0,8.177684092622134e-07,0,normal,0.0
0.011767663538461539,0.07152496168258642,-0.02254114269625372,-0.17460032463654285,1036.0,8.368172768937312e-07,0,normal,0.0
0.01385734646153846,0.07198153518465254,-0.03402166224956262,-0.286168868317207,1036.0,8.637223295863212e-07,0,normal,0.0
0.013555723384615383,0.07379730291479568,-0.05810474290583566,-0.40205358348030185,1036.0,9.081009468658195e-07,0,normal,0.0
0.013669210153846154,0.07478847769864999,-0.06248209980287451,-0.30800279949263887,1036.0,9.293212361908654e-07,0,normal,0.0
0.011929844615384615,0.07399972887500882,-0.044474295589069415,-0.1405858943147722,1036.0,9.221112630557758e-07,0,normal,0.0
0.01260389830769231,0.07327873422617873,-0.04969096028933621,-0.18698695365659557,1036.0,8.859825195279568e-07,0,normal,0.0
0.009594482307692307,0.07373882558179179,-0.0955411864201821,-0.17907530556757445,1036.0,9.261965460270867e-07,0,normal,0.0
0.013095761230769233,0.07435355187713007,-0.03304348301649004,-0.32297276668382224,1036.0,9.348048467135762e-07,0,normal,0.0
0.014185533230769229,0.07416682772990062,0.019715272167420885,-0.276449780891709,1036.0,9.060932175620238e-07,0,normal,0.0
0.013653616153846153,0.07247051661055699,0.01357276886611729,-0.18070760440203593,1036.0,8.84248899936927e-07,0,normal,0.0
0.012947209692307692,0.07172034639547445,-0.00012702239841008858,-0.2006018883516818,1036.0,8.567806612542151e-07,0,normal,0.0
0.011140951517755987,0.0737562195906498,-0.0279473227394275,-0.48882382575715955,1036.0589131538852,8.6398375483014e-07,0,normal,0.0
0.010946223076923075,0.06418762508317519,-0.19870671116339114,-0.06752873885206423,90.0,6.693958459524205e-07,1,normal,0.0
0.010423154769230768,0.06490874193075515,-0.16904764559000315,-0.14445063232348332,90.0,7.191706181256002e-07,1,normal,0.0
0.009822916153846154,0.06491261916960506,-0.20964253487718804,-0.08035090217847829,90.0,6.983497006388855e-07,1,normal,0.0
0.011164452153846156,0.06633840858263233,-0.1966884708939729,-0.12422332899898159,90.0,7.312788503231961e-07,1,normal,0.0
0.011872736153846153,0.06405065267230206,-0.18634349702201716,-0.10708599442731881,90.0,6.754070744875041e-07,1,normal,0.0
0.009148653846153846,0.06469894890253741,-0.23204913227782434,-0.11567028992662065,90.0,7.098401378774509e-07,1,normal,0.0
0.01051287676923077,0.06618733100324807,-0.13376722284610906,-0.10904835828517356,90.0,7.150350776995294e-07,1,normal,0.0
0.009755150923076923,0.06447067911232346,-0.17818841551540174,-0.12990528982889193,90.0,6.875368565572194e-07,1,normal,0.0
0.011471325384615384,0.06556771198528634,-0.14538489329460025,-0.14285128899191557,90.0,7.062445655247742e-07,1,normal,0.0
0.012427861692307692,0.0651631384578263,-0.17817598671474752,-0.1674578830386464,90.0,7.066383989725136e-07,1,normal,0.0
0.011690667076923077,0.0653326384634543,-0.14748730332268112,-0.08385803493815036,90.0,7.064022354274412e-07,1,normal,0.0
0.011796765384615384,0.06467019835247151,-0.16523511904750546,-0.11783884597139904,90.0,6.675764081903707e-07,1,normal,0.0
0.009862692153846152,0.06511760079594855,-0.1076997463536988,-0.11154483486005118,90.0,7.086036418116813e-07,1,normal,0.0
0.012271817384615384,0.06593974474778726,-0.23154043026458393,0.07538510694546208,90.0,7.230776284491696e-07,1,normal,0.0
0.012731727384615383,0.06673085446744635,-0.20366755565255257,-0.08784146686817884,90.0,7.436091041306382e-07,1,normal,0.0
0.013287322307692306,0.06477964254440309,-0.1672315843723737,0.14027706269396,90.0,6.808865129041071e-07,1,normal,0.0
0.016107106923076923,0.06483747879552125,-0.16774296862642066,-0.14654586430593897,90.0,7.070065596113e-07,1,normal,0.0
0.015470951692307694,0.065820083101322,-0.11473427742380603,-0.04307904768026294,90.0,7.111422395627741e-07,1,normal,0.0
0.016232206615384614,0.06499939389123041,-0.15227448417252057,-0.059442401927179755,90.0,7.159592060946058e-07,1,normal,0.0
0.017212994461538463,0.06444155841260825,-0.1522157409061757,-0.05196875131054002,90.0,6.914206214036958e-07,1,normal,0.0
0.015159193384615384,0.06583415429712945,-0.1663086820858318,-0.04656953340732617,90.0,7.267729908916964e-07,1,normal,0.0
0.009616421692307692,0.06483512817478959,-0.1564641841644086,-0.07486016091488512,90.0,6.96791414470209e-07,1,normal,0.0
0.007889885999999999,0.06539310112040889,-0.14878894622212965,-0.034126792460053235,90.0,7.165483695922813e-07,1,normal,0.0
0.010628362769230768,0.06499404022732504,-0.1269831360246303,-0.18951556643816048,90.0,7.141111041534339e-07,1,normal,0.0
0.010898311076923076,0.06493675464378995,-0.16835547233868084,-0.046036650337170304,90.0,6.946027392915365e-07,1,normal,0.0
0.011183975076923076,0.0664207301102099,-0.19017834928782779,-0.0710202527356052,90.0,7.432566525785437e-07,1,normal,0.0
0.010943545846153846,0.06474089419630623,-0.16910195871286263,-0.006597360688434417,90.0,6.816561991763207e-07,1,normal,0.0
0.013343057384615385,0.06449454770092275,-0.17738229995253932,-0.10570902567344431,90.0,7.036923256479379e-07,1,normal,0.0
0.01437714646153846,0.06598963709715949,-0.16786141153888642,0.06501839108214647,90.0,7.185269165772505e-07,1,normal,0.0
0.014794603230769232,0.06404793333285834,-0.21199625207903713,0.01583887695412134,90.0,6.788263647834865e-07,1,normal,0.0
0.014237461076923077,0.06550462735475397,-0.13759233902693618,-0.11575081911520657,90.0,7.378969603922561e-07,1,normal,0.0
0.015264213846153845,0.0650774286432102,-0.21513522814182645,-0.11048580906298966,90.0,7.101617555272941e-07,1,normal,0.0
0.01484481,0.06558866306020632,-0.16401681857936215,-0.10428351547748838,90.0,7.198884709658468e-07,1,normal,0.0
0.015517299076923076,0.06369526826610065,-0.15957366035291187,-0.114133199096909,90.0,6.744678522399468e-07,1,normal,0.0
0.015255156461538463,0.06324463192641273,-0.13226957312356621,-0.09964108005075767,90.0,6.802615153481745e-07,1,normal,0.0
0.014416870307692307,0.06575688868722322,-0.2088615125335359,-0.07546441549768357,90.0,7.298892515995773e-07,1,normal,0.0
0.011389304769230769,0.06595282773067836,-0.19052342259195218,-0.06692285034960532,90.0,7.412134691111642e-07,1,normal,0.0
0.011075860153846153,0.06288120837873458,-0.1979509721036338,-0.1522454260007633,90.0,6.604621996699988e-07,1,normal,0.0
0.011927132615384615,0.0653670683133499,-0.15780147785608342,-0.08841159595371195,90.0,7.145768791794762e-07,1,normal,0.0
0.01461960969230769,0.06482799461461178,-0.22652548074902326,-0.0031092347267764886,90.0,6.750405574472247e-07,1,normal,0.0
0.015553418080766273,0.06961538869038716,-0.22352012979386937,0.40003342327927527,89.16218293620292,7.705258252621597e-07,1,normal,0.0
