mean_value,std_dev,skewness,kurt,mean_value_2,std_dev_2,skewness_2,kurt_2,hp,target,defect_type
3.1724573627049705e-06,1.2912665683121701e-05,8.260355686026898,87.92167668428024,-0.00013698813277493536,926.5523650507637,-2.560327569810464,73.20090034507045,0,ball,0.007
2.9561114044403744e-06,1.1468071552547835e-05,7.542295382482314,72.92074978729539,-3.7827215414635086e-05,804.7778713757207,-3.440104163849918,59.03415504071377,0,ball,0.007
3.3456040881348894e-06,1.3594540563069644e-05,7.853123581079535,78.29183062500265,-0.0006435358027099954,993.170543667221,-2.914235671472771,54.508652407894004,0,ball,0.007
3.1819453118063547e-06,1.3320604902889439e-05,8.254964048243469,86.88787280081797,-0.00020048632551362437,999.9322914866445,-3.111567210419775,66.42789960738156,0,ball,0.007
3.236404735380284e-06,1.4004895930108844e-05,9.017811099229446,109.93911330200467,-0.0001019166921683136,1041.1576290267803,-3.7253680663745823,86.6974550563021,0,ball,0.007
3.0146572479306933e-06,1.3345952229964959e-05,9.950762771520912,143.8126495950579,-1.0255686489174218e-05,1021.0650371353676,-4.482450572084483,112.5389582430213,0,ball,0.007
3.163858927640711e-06,1.5025634782793887e-05,10.554634627424504,148.01372334638918,-6.112663448964299e-05,1147.970147162862,-4.612926981753556,101.25227921089915,0,ball,0.007
3.297558231761426e-06,1.53139514829079e-05,10.806066462205628,168.34070793159506,-6.437953749930376e-05,1110.2595635253303,-5.5206544656093195,142.47832329375126,0,ball,0.007
3.4213899313214735e-06,1.5952782172150077e-05,9.978205208964434,133.10108690059616,-4.866051749225181e-05,1186.6079300608174,-4.672025343839165,97.78686993037512,0,ball,0.007
3.23833154423611e-06,1.3964127012354387e-05,9.043307582042383,113.39420666935102,-0.0007335676478906169,988.1204654952103,-4.249366483523072,86.43614436879443,0,ball,0.007
3.915301045139579e-06,1.2617124421283543e-05,5.210453185748137,31.58556680376322,0.0006215401773814546,548.2542026315303,-1.643324516462482,31.08466838581616,0,ball,0.007
3.2413280177367595e-06,1.6773493901481284e-05,15.708719749102709,387.2181733339452,-0.00010606978178094019,1275.4308148750247,-8.427115256888284,321.322004438248,1,ball,0.007
3.279038965282843e-06,1.7596808792002988e-05,12.622449238524748,200.12093920769604,-0.00015675971559499843,1339.0398553013354,-5.69523287277324,127.15580846626588,1,ball,0.007
3.013889066150163e-06,1.428800256342328e-05,12.055090080932654,207.3281764538639,-1.7815412784582643e-05,1073.9487288126968,-6.20351214640506,161.88290348701196,1,ball,0.007
3.2135702133979753e-06,1.564753204762542e-05,11.981636590608801,197.62199900249504,-4.595656285553263e-05,1205.1249155259463,-5.570260817372292,144.78181552565835,1,ball,0.007
3.258830279477083e-06,1.624236741163735e-05,11.638378700772916,191.64507530883546,2.964619217442076e-05,1269.6935342957286,-5.28463561928826,137.6821864752697,1,ball,0.007
3.209687128643714e-06,1.5817776467493564e-05,13.953732103252673,307.95187790709093,-1.7031404704697428e-05,1192.6252554192688,-7.3569403184649715,260.1598646795159,1,ball,0.007
3.220975572701818e-06,1.5035599683171214e-05,11.786292632723773,210.5432745719818,3.548066640020329e-05,1140.0808143913682,-5.438201966593427,167.44689592783777,1,ball,0.007
3.2283946303213292e-06,1.5256774536663404e-05,11.308382621117275,187.2211900554371,1.5321247484883113e-05,1143.501448030496,-5.383940014942223,156.79989296800278,1,ball,0.007
3.2260951593805162e-06,1.5003848956500651e-05,10.917538984476764,172.01543842131338,1.9421047294435213e-05,1092.9743742352368,-5.449629822262312,153.99716571042575,1,ball,0.007
3.2882193950559646e-06,1.6071087931037952e-05,12.362021376354512,213.82944416385905,-5.693864276325925e-06,1225.6274133028821,-6.04614549237695,160.5251165130526,1,ball,0.007
3.1510482730957593e-06,1.0644660759699746e-05,5.13474117933339,28.202606867901547,0.0008359846196276473,547.1104020234528,-1.2079577574752296,26.313238701121687,1,ball,0.007
1.389476747477372e-05,7.745449593699726e-05,13.101150064465951,214.24857188375856,-0.0004114781518524618,6616.497887635925,-5.7511890497662455,115.80266686218759,0,inner,0.007
1.4019330177177072e-05,0.00010454894475393475,17.71324100431782,400.6126492147995,7.426783318195945e-05,8925.968289778688,-7.72055845548679,212.18165166823428,0,inner,0.007
1.4514667956850376e-05,0.0001068468148671739,16.976729606504204,358.6384171286797,-1.2479207026147477e-05,9054.93344470535,-7.371475060400514,182.75286224018924,0,inner,0.007
1.4105418017146467e-05,8.620992656088999e-05,14.515774667894947,262.61427229353075,-4.6417840221135024e-05,7357.3452887377925,-6.347031516523282,137.82325130918417,0,inner,0.007
1.40694451817826e-05,8.855526226127094e-05,14.862582823532271,277.44125657268364,3.0217051169863037e-05,7570.408261801501,-6.4557709132969245,144.1052429188633,0,inner,0.007
1.4085542097448117e-05,6.78204307429129e-05,10.6177469332692,141.60314719515253,-0.0006117092607371247,5726.53841350407,-4.762251396007367,75.3600046845974,0,inner,0.007
1.4294534580599704e-05,0.00010482613589185013,16.328973274636258,328.13073971048533,-3.585651897419099e-05,8992.579020667043,-7.077219482821463,172.84218770456297,0,inner,0.007
1.4160159856218035e-05,8.675254461942153e-05,14.04884180413693,242.45573020629672,0.00010568398561476092,7413.58341986568,-6.13516689317265,126.90940718321502,0,inner,0.007
1.4021618757246949e-05,6.277599388952225e-05,9.417702044960677,108.68714148765025,-9.426086034043966e-05,5288.355234688716,-4.237123731825923,59.275879543330426,0,inner,0.007
1.4253773082825521e-05,7.12524848636419e-05,10.451098552358674,131.22348744380923,-4.417345135011648e-05,6030.200528003578,-4.624744271870797,68.0393407337562,0,inner,0.007
1.516309659167747e-05,3.5722136157723674e-05,5.033273225711402,34.94433750212627,0.002628251820133817,2229.0601088436892,-2.4393010585891095,27.413721788755687,0,inner,0.007
1.4357456898182217e-05,9.188872213103227e-05,13.138589253629325,207.00442652107614,1.8095888777698287e-05,7781.10003419646,-5.8470454259398,112.80459112148498,1,inner,0.007
1.3983133231911307e-05,0.00010367504444091091,14.941895477807131,275.1390527604561,-1.7315849938547744e-05,8862.826915290514,-6.567500991062104,152.27830554422772,1,inner,0.007
1.4331524341537471e-05,8.293874199805059e-05,12.919787004104162,211.75675771410832,5.825870949600355e-05,7079.568417982782,-5.725679586909979,119.1154125322379,1,inner,0.007
1.4155861416648952e-05,9.0290263457247e-05,13.258950446379353,211.96366075781114,0.00021152799930336438,7731.2799125913625,-5.842526853958852,114.92981256006937,1,inner,0.007
1.4368343007710645e-05,8.27578392517636e-05,12.443678574140977,193.51778177808023,0.00012598860983968475,7029.059177570916,-5.557846862990497,107.70816943155332,1,inner,0.007
1.4610321366329417e-05,7.711731321857465e-05,11.122229672648754,154.55111792523954,0.00017787682356490783,6532.7905072256635,-5.0014027013003055,87.51287307872069,1,inner,0.007
1.4293055362170765e-05,9.287633005120689e-05,13.040691908266338,204.24824147822795,3.291992538089765e-05,7878.331316926042,-5.790081264952324,111.0840533808145,1,inner,0.007
1.4248114005896616e-05,9.581009281341568e-05,13.70937200240336,225.29379886218072,5.878046525927292e-05,8174.1736215183555,-6.034463172878985,121.87455360662385,1,inner,0.007
1.4300835058259005e-05,9.564014224835452e-05,13.895425984045795,234.45073116718874,3.1456587306513133e-05,8127.977066969495,-6.153116510557604,128.22712332711396,1,inner,0.007
1.4543603852353114e-05,8.396522723588877e-05,12.198401254970845,180.36445980019465,-1.2436120542299498e-05,7136.840119622594,-5.444192914314985,99.80025491691258,1,inner,0.007
1.4393427694268364e-05,4.3748538089940486e-05,5.5644352752442545,36.94026821428486,0.0018680984035259153,3669.939259433944,-2.2955240561691648,19.538796098621567,1,inner,0.007
7.70252680771524e-05,0.0005776814914063167,16.622882924745525,338.3505782007901,-0.0005039743220073592,48934.97421017936,-7.3287653396489185,185.7347007144516,0,outer,0.007
6.902741148047266e-05,0.000552145371249069,18.592115099889075,438.48996987971606,-0.0032987744564966824,46678.5136027845,-8.347372250751308,255.10853064092697,0,outer,0.007
7.566858811206955e-05,0.0005784380961967471,17.33561063823329,376.6433656274858,-0.001578258417606232,48774.38165727245,-7.740686869407032,213.11690572549864,0,outer,0.007
8.087749520104687e-05,0.0006385360244469086,16.932296762534083,356.8866344287905,0.00021564335509647778,53831.02471169328,-7.526777187226492,199.24188854736315,0,outer,0.007
7.295340996820014e-05,0.0005597750490086728,17.40965240305515,378.06258666908207,-0.0002360375617991576,47434.479986155005,-7.716710146079868,212.34350283713906,0,outer,0.007
7.077670958561946e-05,0.0005315895351617056,17.941508547579165,409.1968568902482,-0.0008173007101967563,45360.63211189346,-7.895938610478334,229.20149591064026,0,outer,0.007
7.709705160398431e-05,0.0005058632856585957,14.223729950798589,251.27364726100708,-0.0016509582144056787,43129.673086010764,-6.165137282508508,132.54692987888632,0,outer,0.007
7.879650335829075e-05,0.0004663817848173996,11.695378204324268,169.17205868018985,-0.00017226179564338312,39825.90330605942,-5.073012312945843,91.62000794225703,0,outer,0.007
6.978144818636053e-05,0.00040858109941061595,10.688152273338424,133.8222085771817,-0.0005550273826258396,34898.89186418201,-4.6024258283818265,71.7529554158768,0,outer,0.007
7.255837660725204e-05,0.00039301851479834265,9.963820532632749,116.35120429760313,-0.0007208987131326958,33029.92679772526,-4.325880962887762,63.097901666894174,0,outer,0.007
7.53884532057664e-05,0.0002352476663768398,4.813161246980175,27.27713796261608,0.004802141714328655,9960.789522991183,-2.9408246603399824,28.03120351222275,0,outer,0.007
7.70252680771524e-05,0.0005776814914063167,16.622882924745525,338.3505782007901,-0.0005039743220073592,48934.97421017936,-7.3287653396489185,185.7347007144516,1,outer,0.007
6.902741148047266e-05,0.000552145371249069,18.592115099889075,438.48996987971606,-0.0032987744564966824,46678.5136027845,-8.347372250751308,255.10853064092697,1,outer,0.007
7.566858811206955e-05,0.0005784380961967471,17.33561063823329,376.6433656274858,-0.001578258417606232,48774.38165727245,-7.740686869407032,213.11690572549864,1,outer,0.007
8.087749520104687e-05,0.0006385360244469086,16.932296762534083,356.8866344287905,0.00021564335509647778,53831.02471169328,-7.526777187226492,199.24188854736315,1,outer,0.007
7.295340996820014e-05,0.0005597750490086728,17.40965240305515,378.06258666908207,-0.0002360375617991576,47434.479986155005,-7.716710146079868,212.34350283713906,1,outer,0.007
7.077670958561946e-05,0.0005315895351617056,17.941508547579165,409.1968568902482,-0.0008173007101967563,45360.63211189346,-7.895938610478334,229.20149591064026,1,outer,0.007
7.709705160398431e-05,0.0005058632856585957,14.223729950798589,251.27364726100708,-0.0016509582144056787,43129.673086010764,-6.165137282508508,132.54692987888632,1,outer,0.007
7.879650335829075e-05,0.0004663817848173996,11.695378204324268,169.17205868018985,-0.00017226179564338312,39825.90330605942,-5.073012312945843,91.62000794225703,1,outer,0.007
6.978144818636053e-05,0.00040858109941061595,10.688152273338424,133.8222085771817,-0.0005550273826258396,34898.89186418201,-4.6024258283818265,71.7529554158768,1,outer,0.007
7.255837660725204e-05,0.00039301851479834265,9.963820532632749,116.35120429760313,-0.0007208987131326958,33029.92679772526,-4.325880962887762,63.097901666894174,1,outer,0.007
7.53884532057664e-05,0.0002352476663768398,4.813161246980175,27.27713796261608,0.004802141714328655,9960.789522991183,-2.9408246603399824,28.03120351222275,1,outer,0.007
5.655156892776377e-06,1.822109827580501e-05,5.982763996313249,46.06439939539168,-2.251876212002523e-05,1015.0517107899265,-2.8403847962403788,55.83222999248264,0,ball,0.014
6.8510659251789445e-06,2.2890203909856034e-05,5.914566950140122,43.02669916784499,-1.0453182286302141e-05,965.9627372583764,-1.9285133092406403,60.272775495020866,0,ball,0.014
3.709289256222755e-06,1.2152199505435276e-05,7.27692773332167,80.54117961234745,-3.074813608790658e-05,663.1129393540311,-5.91142996856096,184.1010954961652,0,ball,0.014
2.3367593454858577e-06,8.56527893149776e-06,11.71768956145303,209.61474610222248,-4.0168057699359565e-05,610.0478343540648,-7.759207147114544,227.0313829177869,0,ball,0.014
1.475450407631931e-06,6.663766384883576e-06,16.350713117058252,362.0797726732528,-3.3641520088262955e-05,520.1927447767494,-8.99525020148515,279.52845659178354,0,ball,0.014
1.5844946863161638e-06,6.852427344235797e-06,15.232175119090469,356.3549439909699,-3.599319064157718e-05,496.23513829317983,-9.909824781744556,362.4832359578672,0,ball,0.014
1.4128933333766784e-06,7.259012751385761e-06,20.12344227616198,542.2041564851878,-2.0066246210100926e-06,575.4858497955512,-10.748899537838058,387.85111892804605,0,ball,0.014
5.5481882943092735e-06,1.815092020842786e-05,6.532792141502757,54.328271816240445,-5.0079321307797405e-05,953.1948969831271,-2.9499324817677577,70.17681989582059,0,ball,0.014
6.35171074349423e-06,2.026828559380497e-05,6.199772878553225,49.24546322537317,0.000394643341485219,982.0552641915891,-1.9642653385628437,78.23575757631009,0,ball,0.014
6.177261890837779e-06,2.2616035194977712e-05,7.8240881536848725,80.23517415167498,-5.1797483499581984e-05,1253.2738280048309,-3.4437984517386435,92.05501809857986,0,ball,0.014
1.5704650673273628e-06,4.3786818944566396e-06,4.929424832957236,27.614175020674377,0.0007544955609529152,269.43048374378475,-3.103586640371042,35.47528709438874,0,ball,0.014
3.556566429600898e-06,1.4134982062993698e-05,14.784686794918986,403.0337167948067,6.4584897062620235e-06,919.4649214774008,-12.478285622681355,674.3036994774596,1,ball,0.014
3.943654953981797e-06,1.5281643398093156e-05,12.843715651088107,299.9548578994394,-5.6769132943291e-05,957.2241995542452,-11.012968472596144,566.4009317902619,1,ball,0.014
3.7714323053366687e-06,1.5997863969329184e-05,11.868644157615325,252.24844434046372,-3.7862808961858314e-05,969.1855488334701,-10.53627932769442,533.8148467830265,1,ball,0.014
2.4810076515362218e-06,1.1419540635544413e-05,23.669422386280083,872.9406996701395,-1.3707193366244595e-06,847.3502259004727,-15.130129639735795,874.3882558112764,1,ball,0.014
4.40319260844611e-06,1.5692320878943128e-05,10.762888921133282,231.32736363978856,-5.2332726046835825e-05,913.8775919903738,-11.271713824286834,591.5637238241341,1,ball,0.014
3.947781963111756e-06,1.6433315982563157e-05,11.90435951755851,239.0880361047099,-5.710465392125675e-05,999.024506896708,-9.391484245165396,468.0382429797178,1,ball,0.014
3.702386203974458e-06,1.4711050424144427e-05,12.895257088751558,309.4641676249025,-4.479420493942073e-05,922.3151424254605,-11.434800119378147,588.9134962403233,1,ball,0.014
2.1664199697867437e-06,1.069845946792201e-05,27.98622167812289,1136.3730137986752,2.2832082869335696e-05,805.7151062229212,-17.449194306610444,1072.5739143398368,1,ball,0.014
2.563985958952831e-06,1.1469847337569411e-05,23.814784961454485,894.5667422406576,-3.0397487899048715e-05,831.8115564451895,-16.394868649050114,986.1978268350975,1,ball,0.014
3.003244145927302e-06,1.2429158440957949e-05,18.619398834050184,602.02039550752,-2.1109887671044482e-05,846.6049996801062,-14.676001613895172,849.451550483734,1,ball,0.014
2.328694751639805e-06,6.5951289216588976e-06,5.427809443667958,41.68330687481206,0.0010689949810019856,371.2045742888552,-4.2967204713908185,87.07000268744987,1,ball,0.014
6.823520524162409e-06,2.0477295163979623e-05,5.2040194470160985,33.514873779817286,-0.0033014218829641737,1574.2502014957824,-2.3085800036176773,21.505381186153095,0,inner,0.014
5.7737546841958705e-06,1.7660223546737586e-05,5.846830132412745,45.76235608260798,-0.0020958961673279,1376.251412787945,-2.680792540289714,31.557553754659992,0,inner,0.014
5.93542819651142e-06,1.6415654144160156e-05,5.234829275423369,36.347994481569664,-0.0025014255872031804,1218.7521517517214,-2.6682078406443956,27.6656021768921,0,inner,0.014
6.769272710932575e-06,2.073006343297221e-05,5.972519736251105,49.524463474176756,-0.001897668215575001,1639.5103854111487,-2.917481161259579,34.27463659831815,0,inner,0.014
6.534639061851966e-06,1.988239285150389e-05,5.408989942773535,36.74243522354772,-0.0050375284626633324,1566.2506467024557,-2.45205951554555,24.063180440630095,0,inner,0.014
6.027232201422348e-06,1.8426270394203162e-05,6.171059299336208,52.22541050727861,-0.0021398744032810517,1432.31123248324,-3.0078096420424796,36.34372998731397,0,inner,0.014
5.7497104172887774e-06,1.6289308411839767e-05,5.562744298692172,41.40406980311737,-0.0011953221059417703,1235.218064158236,-2.9150560745517713,29.944366501373196,0,inner,0.014
6.569039715474834e-06,2.238768526270497e-05,7.200725152316271,68.59792860392781,-0.0009439347627635692,1817.7970159224574,-3.5702357646148433,45.63957627113007,0,inner,0.014
6.074572915074696e-06,1.99684385869232e-05,6.762650939421319,59.10438917605012,-0.0017444540136346747,1620.463908058587,-3.3406585358578944,39.01700068558777,0,inner,0.014
6.636761310577894e-06,2.093344492016155e-05,6.422370886341064,55.05648913890137,-0.0006069721735685371,1642.7804211410755,-3.2048010875683905,37.84175354113159,0,inner,0.014
6.573114461952767e-06,1.2782947898509146e-05,2.6739865457542566,7.675422496251226,0.0001057421042025514,411.81613803915326,-1.2404349715441874,12.476472729832505,0,inner,0.014
4.436748784176193e-06,1.454811937888721e-05,7.054941630289206,68.65663198690883,-0.00010860952409319598,1130.2297904103966,-3.5566293479073368,51.84832104956821,1,inner,0.014
4.508373935884981e-06,1.3691014501575674e-05,6.255009760314318,53.79676937869321,-0.00010406914036821339,1017.8691161776381,-3.210866278558652,42.52443116973896,1,inner,0.014
4.505903893797119e-06,1.481882518654187e-05,6.495193033160982,58.71576214529121,-8.386926434438153e-05,1145.4038927347378,-3.2959700710077633,45.67369296828649,1,inner,0.014
4.5132161167626565e-06,1.4428142103909968e-05,6.979604996950401,72.4735767555108,-7.839487716222555e-05,1101.1531350405398,-3.6403891294917283,57.08852033552508,1,inner,0.014
4.7715620321019935e-06,1.5473253106301684e-05,6.495219690934414,57.363851159251396,-0.00017109703107863307,1187.8234463991323,-3.2964181425308707,43.89370567827918,1,inner,0.014
4.509613008092651e-06,1.3651649774750119e-05,6.116266698647048,51.67288884237257,-1.677227592691121e-05,1002.5192765410005,-3.2444137077816784,42.61766452522018,1,inner,0.014
5.0659532964863285e-06,1.678121270058916e-05,6.366535804889096,54.25390520668012,-1.797655699223961e-05,1272.8174874809495,-3.23675240441386,43.392891402651294,1,inner,0.014
4.498219509395975e-06,1.4802330087537863e-05,6.57527256283996,56.41773574738926,-1.5036361694856415e-05,1163.946104190266,-3.2684895288407065,38.545903077010685,1,inner,0.014
4.851487165170613e-06,1.6148566821786317e-05,6.798684686886781,66.54064296427958,-0.00013771262709941164,1223.9516238200617,-3.4112819524721933,46.94576068336286,1,inner,0.014
3.955252256577099e-06,1.2972200329819741e-05,7.104548302526959,68.89061887274329,-7.732963452159442e-05,999.7096855995367,-3.6411177822783465,48.62146644410874,1,inner,0.014
5.436909469369557e-06,1.2121180868831869e-05,3.086544372513615,10.22627769815403,0.0006022285425275753,429.3180890598833,-1.310651221651807,14.382253906467326,1,inner,0.014
1.8171489752880164e-06,1.106351214716503e-05,20.059445111799224,562.1775920168459,-0.0006555292358595161,930.200124412362,-8.617931083411635,326.68048950963566,0,outer,0.014
1.5512797352632707e-06,9.239137441440687e-06,23.132263161497054,770.0668951750422,-0.0813836429087896,771.3360804083106,-10.289683076796821,440.5647474360385,0,outer,0.014
1.6863048469313102e-06,1.0099211138976345e-05,19.70138086047886,551.5032886989596,-0.009839776733389122,850.3549784011881,-8.75163492687094,316.7321456478335,0,outer,0.014
1.59235306877072e-06,9.379088472381725e-06,20.73456094916575,602.7178729680459,-0.0016733944024422945,790.8010557715387,-9.150318628796798,349.42680950046145,0,outer,0.014
1.6775363273205734e-06,1.0224892197118027e-05,19.495058312240594,521.9020081750491,-0.0015634121248713356,858.2159361571939,-8.442976754019512,280.7770428337408,0,outer,0.014
1.6339921150519562e-06,9.693531423265809e-06,19.40207280014532,509.6457747832328,-4.896591074428807e-05,814.3145534032191,-8.534336794128953,288.68446171070366,0,outer,0.014
1.7445047708173096e-06,1.0320966862495737e-05,20.894701968616765,636.1837678343813,-0.0002997066133163881,863.5381292252355,-9.334137651624845,370.075720381905,0,outer,0.014
1.6438087429142732e-06,1.0571977192890356e-05,22.96273214425705,721.6326608232572,-0.0003136909906520307,888.5030571829367,-10.090658015527994,407.03857608788906,0,outer,0.014
1.6121873623843377e-06,1.0654667951724547e-05,22.596549295483232,675.6938477602558,-0.000261333978366889,901.9402275130209,-9.877967815154708,369.9428914868883,0,outer,0.014
1.6359981036570527e-06,1.0198460516756532e-05,20.56501238846485,579.0064768539474,-0.0010948433007130446,857.1246218374479,-9.206598531789092,333.8928095676092,0,outer,0.014
1.968392158871604e-06,5.213357147746019e-06,5.349409954271381,40.263232488759584,0.000673530545524393,287.00533166186966,-1.6629286698893604,33.66815592069248,0,outer,0.014
1.3734516587704682e-06,9.113964191051582e-06,24.558160372531255,779.5348223603302,-1.5178274723311048e-06,767.9416276209497,-10.68325303576836,428.16930973033465,1,outer,0.014
1.4748930188232757e-06,9.947044988891369e-06,20.299953749473392,525.1655546032334,-1.7645712704927682e-06,837.878482814173,-9.010111285954956,296.1097741178083,1,outer,0.014
1.5140149797026433e-06,1.0102924498555744e-05,21.367126753398495,594.9413311291132,-3.5302749521359845e-06,837.9326526816005,-9.645217739087869,346.02743871207866,1,outer,0.014
1.4908227088452546e-06,1.0768998929956086e-05,23.50201689997841,691.09116005223,5.159630175503711e-06,915.1610754079387,-10.100877707472693,377.4106980342292,1,outer,0.014
1.396987971239714e-06,8.710450989038162e-06,23.324616583202705,719.1348918254141,1.5022665558321837e-06,732.8708722112383,-10.157340341015832,403.7064290048934,1,outer,0.014
1.5530513411292214e-06,1.0085517902182338e-05,21.15439528099385,592.0717881599832,-2.1349177128083693e-05,840.575883092892,-9.281021469883658,326.7860645676746,1,outer,0.014
1.4427165953568867e-06,9.720654085162918e-06,24.451764097405906,774.6691388641372,6.0230484007155395e-06,810.771233168873,-10.593967854379374,415.5594331850373,1,outer,0.014
1.4478828705569384e-06,9.442297395133329e-06,22.310930525181927,648.6946102997442,-4.830064452042453e-05,794.5877438498649,-9.591770656109082,347.7500171021556,1,outer,0.014
1.4559882311184375e-06,1.0580300883389429e-05,27.595318524027913,1004.9855917098263,-0.00022445033178067477,894.8770353116678,-12.138364562688809,578.9456761644976,1,outer,0.014
1.4505049192101064e-06,9.67332712478324e-06,23.30173619999554,722.4017996534931,-0.00013516174152274695,811.6000565922022,-10.347591061046604,414.7409373690661,1,outer,0.014
1.4130020808757916e-06,5.0789223987485695e-06,9.849759047128638,123.15274161332904,0.0003418097391032763,342.12541280905134,-4.466060701824544,83.41992344401052,1,outer,0.014
2.1735623972928753e-06,1.3993805148220342e-05,20.19340237361133,566.3611454780358,-0.6107640448652631,1132.4945264458383,-9.600571730275366,360.98209057321515,0,ball,0.021
2.3438588193562654e-06,1.616573564677814e-05,18.225959020843778,433.8334672941268,-0.15836420015868904,1336.6354141226557,-8.277190660735451,268.3492182611695,0,ball,0.021
2.5895184733490245e-06,1.8490920562921154e-05,20.581824003823364,548.0781997526673,-0.04671555049510843,1488.8817700486193,-9.89514171405301,354.8355474387273,0,ball,0.021
2.732291338451601e-06,1.632649485213693e-05,16.655512324327475,360.4792086634003,-0.0021178939020229806,1302.276498732704,-8.017716347892394,244.02206431760067,0,ball,0.021
3.741139165043178e-06,1.699950011558372e-05,13.8470058148011,285.2772806851375,-0.000935299054076107,1250.5350219025802,-7.55160780577056,263.91401027458727,0,ball,0.021
2.319874558277111e-06,1.5568241763946998e-05,19.97004632193083,529.7480495753541,-0.0010578935040956006,1281.4876055761054,-8.946239482079305,327.0580544684249,0,ball,0.021
6.154995177790855e-06,2.682904572493666e-05,11.616459753819903,227.1602677119303,-0.002418572449685243,1560.9239174296313,-8.205986108951363,312.44699015823755,0,ball,0.021
3.6146788654224447e-06,2.0158016524433595e-05,17.763845091515236,451.2331929394997,-0.0007819803322155411,1473.2746111616625,-9.926822600003547,368.6189273103127,0,ball,0.021
2.308672515031851e-06,1.5758749242930807e-05,19.134059461513363,494.13562300489116,-0.001114459887327697,1285.6905867187518,-8.931604198961187,316.25007336557803,0,ball,0.021
2.214679815931903e-06,1.391277672573383e-05,17.227043771249146,381.2897517908804,-0.0008223250133764557,1123.4431622324994,-8.256167616100242,243.54435742619012,0,ball,0.021
2.092253240444425e-06,6.575108898813528e-06,5.650075012469533,36.412229473483826,0.0013883193628767099,391.10991555558115,-2.325273862550264,27.18591336499193,0,ball,0.021
3.439385148760352e-06,1.9132686221998674e-05,17.104358592323226,415.8826889327538,-0.00010442710373395003,1326.793600871206,-10.898291175757322,437.05656423686975,1,ball,0.021
1.9989276311758745e-06,1.6069339322141052e-05,26.644565232047878,904.3447017341924,1.1441796026569162e-05,1304.7038357286244,-12.756757650214363,568.6974470639501,1,ball,0.021
1.859649666928169e-06,1.5914960334345442e-05,28.724465807031304,965.1680399532358,-4.594155868398693e-06,1297.8586070295019,-13.107703001815398,546.6582538421578,1,ball,0.021
2.9454403436103644e-06,2.0310869415732943e-05,32.516081469599506,1376.2745305045407,-4.954881720653592e-05,1599.1586571658684,-16.97870055225477,1004.4957602014979,1,ball,0.021
1.965538809207974e-06,1.828777797866537e-05,29.9038437977626,1089.6780997315984,-4.588001374115758e-06,1534.1107573388435,-13.062203944248843,607.8094766371108,1,ball,0.021
1.9510693995806257e-06,1.9068218190885082e-05,34.24734224863581,1449.1548942135762,-6.449973567389163e-05,1587.7819044217833,-15.657005363632308,879.0169625008887,1,ball,0.021
2.276031916075594e-06,1.8550831979706706e-05,31.212671326586744,1250.9839682361066,-0.00010411875320695421,1487.7538315752608,-15.192074795272992,805.9549329370328,1,ball,0.021
3.154159157318436e-06,1.7334066632895294e-05,20.14244493672226,594.0902544552213,-0.00015184445016443523,1260.815232727707,-12.002557022917918,567.7156884147189,1,ball,0.021
3.9755386356438e-06,2.0906100129668797e-05,18.60365236917237,481.63202354334123,-0.00010657943475568543,1576.594484508117,-9.900433409650894,389.707975152865,1,ball,0.021
4.501332784079215e-06,2.1635795159836642e-05,16.557143526082793,405.27532395720914,-3.896665244245799e-05,1481.8192676455399,-10.95500368530075,420.1665664292159,1,ball,0.021
1.814106742355475e-06,8.218638881240532e-06,12.836374062181651,206.32007041820788,0.0008657443096044676,588.6349305409575,-5.922690168381285,147.72834061683614,1,ball,0.021
4.43455224560763e-05,0.0002725227858284922,13.102632262510376,225.26815367214095,-7.553433941590987e-05,22010.34007311433,-6.130933451832507,140.38033672744623,0,inner,0.021
4.2977813535087826e-05,0.00027049086204099644,13.55088666300806,232.02007935868093,-0.00035637333783740616,22457.047749561298,-6.205395070146855,138.3529721189784,0,inner,0.021
4.4703655982527e-05,0.00028915339769323143,12.18668264193599,177.349384890058,-0.0001824038124436864,23998.754845134394,-5.511156212162652,97.6680767193009,0,inner,0.021
4.881029568314478e-05,0.00032869185660601137,12.524579674888317,187.66612423567813,-0.0011446850392479234,27857.77550904608,-5.509379017917885,98.7888473731344,0,inner,0.021
4.897857990543033e-05,0.0003354661203254751,13.861648215042132,245.11253271221602,-7.104003067554752e-05,28117.519065829732,-6.251370581988937,141.18187807498302,0,inner,0.021
4.4267955093192246e-05,0.0002766090512902117,12.061270687877382,184.64550382672263,-0.00011425224926998774,23326.732526473374,-5.315359909555269,100.6634086789322,0,inner,0.021
4.623312483307337e-05,0.00029556603533208744,14.68053325003739,284.0851662116927,-0.000228428661080905,23924.690904524403,-7.034302987137937,174.16388478760464,0,inner,0.021
4.872443404113258e-05,0.0003278759857699524,13.387907036540701,232.5690463705379,-0.0003762079892149252,27624.529598755154,-5.979825030913917,129.75488565599187,0,inner,0.021
4.667906633735997e-05,0.00029812765039050184,14.821868315654834,301.0867614560225,-0.00022673711298006616,24657.09334355831,-6.869908788414879,180.04392987655123,0,inner,0.021
4.35540055645339e-05,0.0002726395844935608,13.548983204255608,243.4605492118921,-0.00016744231530396717,22854.901905438655,-6.158124753632831,142.97000205155027,0,inner,0.021
4.425209977750591e-05,0.0001352763482331871,4.7389917449014085,26.95822668198261,0.0038318280255472043,7598.134977334724,-2.777431598974,23.667349071663864,0,inner,0.021
3.36787831260844e-05,0.00024020485552250182,15.795555689824468,306.6494771259628,9.591055708589846e-06,19879.280845567366,-7.184085577140841,172.45522449838916,1,inner,0.021
3.188379671079317e-05,0.00021605686841034605,15.76065158839238,306.323604460112,-4.055783631925489e-05,18051.940652746336,-7.068859284451476,169.7855830993326,1,inner,0.021
3.12031925123894e-05,0.0002059130101737875,14.74363700017534,272.1687987577205,4.7285834095595664e-05,17171.023013229325,-6.696267896145935,156.87665500198597,1,inner,0.021
3.2525635805477994e-05,0.00020961257099432447,15.888704247975175,325.3063595112964,-8.885264686420795e-05,17400.063542714237,-7.2788875100376815,194.86719073563086,1,inner,0.021
3.131769613239768e-05,0.0002165399006303452,15.803947306305648,306.18327386244215,-1.2727323105917271e-05,18072.985569975,-7.1975608697639055,177.50999380668432,1,inner,0.021
3.2842266303496455e-05,0.00021255957709878068,15.472967370480783,293.88623240586185,1.7372223545017406e-05,17269.10436284793,-7.284505724409401,177.36176450615565,1,inner,0.021
3.219201450169454e-05,0.00020251495570463887,16.114875426087984,330.204708956296,4.734223251030624e-05,16238.68507041299,-7.659347849091782,208.93502638265295,1,inner,0.021
3.266718994969333e-05,0.00022846319562163606,16.5720939274996,354.00168209415733,0.0002388698935393913,19007.602487799508,-7.546051871460087,208.1674606620594,1,inner,0.021
3.4224416651772196e-05,0.00023076320977483478,16.318940024503483,336.99476541014866,-0.00012183187578313139,19016.612277393757,-7.56287056426291,202.5882816105472,1,inner,0.021
3.3089572687850126e-05,0.000206743437301407,14.876045298446861,275.40491125853674,8.20576544401153e-06,16277.987738748225,-7.19290085958943,178.30920296614906,1,inner,0.021
3.8789151664431194e-05,0.0001223431731223279,5.470385662072042,39.265216077947045,0.03113727360533887,7483.2670633697635,-2.3954607977592697,34.02281063373584,1,inner,0.021
5.973978326726914e-05,0.0001944825580626203,5.578457360041257,38.86609879200172,-5.8071052463016326e-05,13572.429422516818,-2.7103449092283722,29.96276484590677,0,outer,0.021
5.6111177227863135e-05,0.00018765238118994705,6.961460629230196,68.0830331850576,-0.0005547262676932218,13278.200863257758,-3.8249316207449913,54.57730255540555,0,outer,0.021
5.688945012619915e-05,0.0002009081217964315,8.255297065613034,98.97552287432464,-0.00019324634855569995,14496.398945624109,-4.588758703017539,80.8331798927986,0,outer,0.021
5.23033531448272e-05,0.00020983973691259051,9.426457892065743,119.0156885817718,-0.00032635528924574467,16163.259416942228,-4.652832465007803,77.48609291118251,0,outer,0.021
5.8959887239536596e-05,0.0001943832177534015,6.10459641518922,47.13188750057297,-0.00031926969525279995,14339.689174547255,-3.136155171839157,37.14040960478361,0,outer,0.021
6.189849804801092e-05,0.00022385081455005647,6.9323906266145014,62.20065164444864,-0.0002917779559092345,16662.403434828168,-3.6492536696788225,46.17874879465578,0,outer,0.021
4.825469561001272e-05,0.0001745204044409138,8.360384380186822,97.08495220601607,7.18254177757704e-06,13193.054734033676,-4.202404851100842,70.5567915401013,0,outer,0.021
5.8722007621564287e-05,0.0002632016042750488,9.86553940956122,125.97916064470851,0.0001786067523757882,21112.92535817075,-4.688313561194586,80.90363085304837,0,outer,0.021
5.767676964162507e-05,0.00024468995022844115,8.93630091302221,104.41267823062184,-0.0001877358484844508,19026.855998631334,-4.465236939547379,65.69129696488548,0,outer,0.021
5.2141408022001536e-05,0.000193313259790809,7.736002522682455,85.36620290527097,-0.00020795077565713047,14475.843311793513,-3.886243774163009,65.76051497890371,0,outer,0.021
7.908486600928771e-05,0.00022700978054559771,4.562278976733816,24.712671136645543,-0.0030469246340165033,7456.456649674769,-1.143969246012177,24.6719673007403,0,outer,0.021
4.413890095597668e-05,0.0001574239204213436,7.122024804115434,68.9459155326316,-0.0002561496521842166,11582.380287925673,-3.8820929932665758,52.83270203171629,1,outer,0.021
4.702527548099517e-05,0.00016558590739896418,7.183436800512831,67.32721589881281,-0.0003140281791710101,11915.469159540811,-3.6260343620781397,51.2777492549099,1,outer,0.021
5.084013787578224e-05,0.00019963214492107255,8.425436841007112,91.41799333324913,0.0001157741071844552,15294.642785916627,-4.113538245316848,58.205166941074786,1,outer,0.021
6.117468807055624e-05,0.00024493222540228853,7.51768892411304,69.99485424480406,2.5092021519587073e-05,17719.453791126416,-3.4924014410630737,48.809934820471206,1,outer,0.021
5.588230036259437e-05,0.00018451172817766516,5.491323765776509,36.90283539010029,-0.0002828292580455744,11490.463971340187,-2.365053892809833,28.985867366875492,1,outer,0.021
4.7887942415526975e-05,0.00016396346405945513,6.950624982099963,65.70966249840956,-0.00017582079786835763,11090.772767121778,-3.912328654036279,63.69222699994751,1,outer,0.021
4.500464814845433e-05,0.00017473607066267842,7.7610643957026015,76.75620003617465,0.00011441880987531652,13074.131908061196,-3.938533772489658,56.13765156506249,1,outer,0.021
6.514040737524861e-05,0.00028300641748241147,8.85868598041898,102.04636596766031,9.845297811133356e-05,21257.979712805314,-4.35749782517117,72.52772079965948,1,outer,0.021
6.435073093282451e-05,0.0002170790385242432,5.691273749654504,39.85681159650529,0.00022193422870070043,13675.677117470015,-2.300389481763262,34.64999762785962,1,outer,0.021
4.474795493614081e-05,0.0001784315314237472,8.535272202220925,94.94806816687655,7.83946521665219e-05,13792.599797681438,-4.2301576115139605,62.356159014031476,1,outer,0.021
7.310593059522168e-05,0.00020742406359739547,4.2220537495168635,20.641825184996044,0.0031057949836032005,7771.075597564288,-2.6767390847951544,29.71852486703385,1,outer,0.021
9.092551431959716e-07,1.4098434276075986e-05,35.85334157671431,1496.022640878512,-0.0026921396248527616,1193.1594476876958,-16.006575673845308,873.4402982695109,0,normal,0.0
8.796713811710268e-07,1.3320279498746553e-05,35.436551344031734,1462.9056492573372,-0.006721206783782161,1127.1540733249435,-15.847805525880737,854.1360954569302,0,normal,0.0
8.767651367686802e-07,1.3752505346173007e-05,36.15539998972261,1521.5467672003892,-0.012148553603714902,1165.8181179689025,-16.114650953417147,885.027014776048,0,normal,0.0
8.669826816269224e-07,1.3169847450053307e-05,36.1012552986875,1528.9494315527352,-0.0016359539515112586,1116.2151873295263,-16.062240291397917,887.6737378375223,0,normal,0.0
8.515502755379307e-07,1.315687262204674e-05,35.70351664500089,1481.5082260907411,-0.005029910501293999,1115.8545804183339,-15.846666647860792,856.8966127315788,0,normal,0.0
8.467891477775202e-07,1.3569508167961199e-05,36.68242672654241,1561.7207782287358,-0.0034725160120756427,1149.7937151321178,-16.348538801436145,909.1100754598195,0,normal,0.0
8.350907606560685e-07,1.2964523721868876e-05,35.56868930663347,1468.4542970945538,-0.004545988346894704,1097.4097057225551,-15.866755592142686,854.8060734165041,0,normal,0.0
8.714850275089888e-07,1.3176161097008264e-05,35.8865943076557,1509.9116010580817,-0.005149294212595704,1118.0520926556126,-15.932758745429338,873.134940529185,0,normal,0.0
8.177684092622134e-07,1.2855337776192341e-05,36.1960407153544,1517.2119900008788,-0.0035066211051501942,1092.280306131077,-16.07128381230869,873.6117939277934,0,normal,0.0
8.368172768937312e-07,1.2555049544439958e-05,34.27622231438068,1357.0573189881136,-0.007736412663531713,1064.613129144964,-15.269384662052287,790.7368289344437,0,normal,0.0
8.637223295863212e-07,1.2782490711083196e-05,34.93919200343759,1415.950414996821,-0.0013018685421644727,1085.8331155859069,-15.478007590963555,813.647765067661,0,normal,0.0
9.081009468658195e-07,1.3078832120349138e-05,34.00013985288832,1355.546986633206,-0.006511952977718375,1106.4927093394294,-15.18472258981902,792.4574259854085,0,normal,0.0
9.293212361908654e-07,1.383930718313035e-05,34.8165550888209,1415.9097595530352,-0.004507046573897846,1174.6067016999332,-15.47236343957661,820.0274899968882,0,normal,0.0
9.221112630557758e-07,1.3269096119687457e-05,34.10755367688701,1369.47587005533,-0.004605043244684366,1125.1810037996102,-15.172733413150594,795.9649614158035,0,normal,0.0
8.859825195279568e-07,1.3741398465307412e-05,35.67924334967178,1475.595835321083,-0.005907745187184371,1168.490895238605,-15.79387852878386,845.9647622812116,0,normal,0.0
9.261965460270867e-07,1.4026589595040781e-05,35.37816358448117,1466.4502219979215,-0.002403403087924521,1186.9064404553376,-15.796996565456565,857.3950552193598,0,normal,0.0
9.348048467135762e-07,1.4468455046277029e-05,35.7706606539025,1490.0874005918338,-0.0032802474475255097,1225.6903324667633,-15.956329917075783,867.8976848619233,0,normal,0.0
9.060932175620238e-07,1.3998130680730398e-05,35.92605902986149,1498.0048975029913,-0.0007546827714377612,1188.2908461947702,-15.97302119540452,867.1804002509168,0,normal,0.0
8.84248899936927e-07,1.4034342460888303e-05,35.74294624964503,1470.6347706708327,-0.002763513472755704,1191.2053477727763,-15.889724549349145,848.9975849249148,0,normal,0.0
8.567806612542151e-07,1.361947995512698e-05,34.89205490933992,1402.883122057579,-0.003991278890115575,1151.3374094712076,-15.575457601365839,820.2224488327297,0,normal,0.0
8.6398375483014e-07,8.273339367967502e-06,22.17610763977033,565.5317488650636,-0.000912775063705214,710.7411649230073,-8.13780384686216,300.4656799601913,0,normal,0.0
6.693958459524205e-07,7.298688859859449e-06,21.899844030996945,540.48740151467,-0.005134390451920718,616.7368363968051,-9.734985873489356,316.46324770178575,1,normal,0.0
7.191706181256002e-07,7.779478008425358e-06,23.550981217844463,658.3228495453641,-0.005486553024718172,654.0549291622776,-10.539436192859782,388.8824939027032,1,normal,0.0
6.983497006388855e-07,7.6154091142503836e-06,21.898833066771722,539.233820459053,-0.004581940063642779,644.7826742513133,-9.736567186119288,314.26001230256514,1,normal,0.0
7.312788503231961e-07,8.189885042281742e-06,22.98741046302968,614.7326626429308,-0.004904802697897808,689.6038098966568,-10.285810917637075,363.7996135719896,1,normal,0.0
6.754070744875041e-07,7.255839506033502e-06,22.232374536021922,566.1483765460687,-0.004787229298821821,612.8670908422923,-9.926330193521027,332.99393109359386,1,normal,0.0
7.098401378774509e-07,7.836360552344434e-06,23.180127869501497,617.692748805728,-0.009525060913317887,660.9461894678655,-10.301658535557074,361.4576064406729,1,normal,0.0
7.150350776995294e-07,7.86848097348032e-06,22.999503926198624,609.3635033889568,-0.0017057608479486186,664.8140986920023,-10.26712822633755,357.5798265351752,1,normal,0.0
6.875368565572194e-07,7.417633166299362e-06,23.26431846113076,624.2261423446106,-0.00043067827734227326,627.1643809044466,-10.312920355269547,363.3913124055114,1,normal,0.0
7.062445655247742e-07,7.604472107692488e-06,23.0096255623679,611.0268851370408,-0.004338101774297794,639.0504667189233,-10.388604403387653,361.96391850186575,1,normal,0.0
7.066383989725136e-07,7.814042959308415e-06,23.11429856116405,616.5129626972468,-0.003601245748179038,659.518628568686,-10.301654643521573,360.8346160755617,1,normal,0.0
7.064022354274412e-07,7.692453070305786e-06,22.663915157257332,593.1506338705705,-0.005536723941376452,649.2679259962734,-10.148517506915704,346.3989927357096,1,normal,0.0
6.675764081903707e-07,7.306269387417255e-06,23.30204199630911,628.4882373659935,-0.003197870600308321,615.1991706252172,-10.458510949384827,369.8009909337467,1,normal,0.0
7.086036418116813e-07,7.733784201086628e-06,23.127272261782597,625.6946004007026,-0.000861994744625014,651.9404483476126,-10.336649430582247,366.53707259837245,1,normal,0.0
7.230776284491696e-07,7.728032845511904e-06,21.782261569237058,537.3924188665333,-0.003217416693857418,651.1340396076968,-9.779937841252343,317.61691183967747,1,normal,0.0
7.436091041306382e-07,8.122329903373062e-06,22.461560379422973,576.6483837217407,-0.012768915737486673,685.3874124288812,-10.004033549606012,338.17189928632206,1,normal,0.0
6.808865129041071e-07,7.292647575163611e-06,21.827112093960796,540.2663911550628,-0.008988485629938238,614.0043741135884,-9.813624459267121,319.2526240924856,1,normal,0.0
7.070065596113e-07,7.632264407452746e-06,22.65262765710884,588.3144788841606,-0.0065008535722695365,646.0022893568524,-10.05215651814552,342.53849980425,1,normal,0.0
7.111422395627741e-07,7.636182518539458e-06,21.98113590952437,552.1405497840915,-0.003943893624244657,643.611739722478,-9.876782880100208,325.15187656319404,1,normal,0.0
7.159592060946058e-07,7.645877513627099e-06,22.068276367696967,558.6605914991371,-0.00848666555821473,641.4998363215777,-9.961851154984947,331.8519415561415,1,normal,0.0
6.914206214036958e-07,7.336623517394613e-06,22.66631211020432,589.912561631444,-0.0027986465785204656,619.8234644404067,-10.091558398620966,347.17275637663516,1,normal,0.0
7.267729908916964e-07,7.806218575960989e-06,22.159172362111946,559.3220848898445,-0.0056117234661306305,658.588737873467,-9.937245768547934,330.07357836737356,1,normal,0.0
6.96791414470209e-07,7.3082619319876566e-06,22.20786486485292,564.4050090854918,-0.0034975493706023253,616.1510846157526,-9.960484365657813,331.00549625703604,1,normal,0.0
7.165483695922813e-07,7.688594304622636e-06,22.595420386633116,597.278894900005,-0.004365323742553718,647.1326633591704,-10.126127840456776,353.455131759055,1,normal,0.0
7.141111041534339e-07,7.412680997524834e-06,22.53688241414989,587.8667027049894,-0.008501939521713645,624.0473391087315,-10.13417740703115,349.6274664188487,1,normal,0.0
6.946027392915365e-07,7.529781090842517e-06,21.96516102644607,544.5603398295916,0.00037109013040846297,634.7453637116273,-9.875349781271247,322.184444099468,1,normal,0.0
7.432566525785437e-07,8.093883471749061e-06,22.545793516063195,587.5432912508287,-0.004942753792277568,682.6996319515031,-10.114029164827164,349.49495101035217,1,normal,0.0
6.816561991763207e-07,6.998055366429484e-06,21.846609684782248,544.1684046741186,-0.0020826122567050567,589.7657616667177,-9.808966393286878,320.49337375539085,1,normal,0.0
7.036923256479379e-07,7.696446752215856e-06,23.4992012589315,647.0121667951561,-0.0012668985845325689,645.2984137274661,-10.553387702266555,387.2295531120565,1,normal,0.0
7.185269165772505e-07,7.441988511758054e-06,21.842756572393174,546.0979467812579,-0.005191708399702913,625.3752936024705,-9.898963531358705,324.5827385912735,1,normal,0.0
6.788263647834865e-07,7.485122683173835e-06,22.497214241824487,582.6051200620552,-0.003408551723822834,631.5038398435587,-10.049983995771791,339.8501270768919,1,normal,0.0
7.378969603922561e-07,7.715976516955813e-06,21.98412818340405,562.5772972328854,-0.002628063470997634,643.0845664799328,-10.025180711082644,340.8613557757708,1,normal,0.0
7.101617555272941e-07,7.681190623158842e-06,22.635126321282996,586.7475716988833,-0.0008555327032103976,648.4794946009912,-10.119596155531019,343.4917508777573,1,normal,0.0
7.198884709658468e-07,7.570186483492384e-06,21.836703380883524,546.4058374595088,-0.002886006361012547,634.4468787537663,-9.9031838098274,328.7765401563887,1,normal,0.0
6.744678522399468e-07,7.43770786821165e-06,23.335099849295183,631.5737472031094,-0.0016633692124768471,626.4175303297166,-10.497009865007454,371.9074172442805,1,normal,0.0
6.802615153481745e-07,7.157138137656112e-06,22.303053070054172,574.4831444476325,-0.005590588343650659,601.6567372730202,-10.075383173511527,343.170147934205,1,normal,0.0
7.298892515995773e-07,7.936326302373774e-06,22.521469877445586,576.3584186729565,-0.0036318208978202283,670.156546733863,-10.052069228696471,337.2959169318121,1,normal,0.0
7.412134691111642e-07,7.679357397606082e-06,21.57658464265671,533.7420270545,-0.013452818074704734,644.978807466419,-9.743503094018255,318.6972180350698,1,normal,0.0
6.604621996699988e-07,7.233680391872883e-06,22.38507461430693,569.4407458774381,-0.0024507833052431803,609.967102020064,-10.045419966034332,337.839463039428,1,normal,0.0
7.145768791794762e-07,7.646777753196841e-06,22.21443634097361,567.9879514650739,-0.00559109898721835,645.1373914846246,-9.941420504944112,335.4989010240705,1,normal,0.0
6.750405574472247e-07,7.383434190229496e-06,22.38781254000728,569.7452130243202,-0.009723111669041721,621.8019719488019,-10.076662409874755,334.63909300872444,1,normal,0.0
7.705258252621597e-07,4.7273655190998175e-06,11.102408699667313,141.7040406578345,0.0049108104247256945,384.391540793435,-4.213137664952383,72.80882083338174,1,normal,0.0
